control_id,iso_clause,iso_annex_a_control,soc2_tsc,nist_csf_function,control_objective
CTRL-001,5.2; 9.3,A.5.1 Policies for Information Security,CC1.2; CC1.3; CC1.4,GOVERN,"Ensure information security policies are formally approved, periodically reviewed, and aligned with organizational objectives and regulatory requirements."
CTRL-002,6.1.2; 6.1.3,A.5.7 Threat Intelligence; A.5.9 Inventory of Information and Other Associated Assets; A.5.30 ICT Readiness for Business Continuity,CC3.1; CC3.2; CC3.3; CC3.4,GOVERN,"Ensure information security risks are identified, assessed, documented, and treated according to organizational risk tolerance."
CTRL-003,4.4; 8.1,A.5.9 Inventory of Information and Other Associated Assets; A.5.12 Classification of Information,CC2.1; CC3.2,IDENTIFY,"Ensure critical assets, systems, applications, and regulated data are inventoried, classified, assigned owners, and periodically reviewed."
CTRL-004,8.1,A.5.15 Access Control; A.5.16 Identity Management; A.5.18 Access Rights,CC6.1; CC6.2; CC6.3,PROTECT,"Ensure user access is provisioned, modified, and removed based on approved business requirements and least-privilege principles."
CTRL-005,8.1,A.5.15 Access Control; A.5.18 Access Rights,CC6.1; CC6.2; CC6.3; C1.1,PROTECT,"Ensure privileged accounts are restricted, monitored, and periodically reviewed to reduce the risk of unauthorized administrative activity."
CTRL-006,8.1,A.5.17 Authentication Information,CC6.1; CC6.2; CC6.3; C1.1,PROTECT,"Ensure strong authentication mechanisms, including MFA, are implemented to prevent unauthorized access to systems and data."
CTRL-007,8.1; 9.1,A.8.15 Logging; A.8.16 Monitoring Activities,CC7.1; CC7.2; CC7.3,DETECT,"Ensure security events are logged, monitored, and reviewed to identify suspicious activity and support incident detection."
CTRL-008,8.1; 10.1,A.8.8 Management of Technical Vulnerabilities,CC7.1; CC7.2; CC7.3,PROTECT,"Ensure vulnerabilities are identified, assessed, prioritized, and remediated within defined timelines."
CTRL-009,8.1,A.8.9 Configuration Management,CC6.6; CC7.1,PROTECT,"Ensure secure configuration baselines are established, maintained, and periodically reviewed for critical technology assets."
CTRL-010,8.1,A.8.32 Change Management,CC8.1; CC8.2,PROTECT,"Ensure changes to production systems are authorized, tested, documented, and implemented in a controlled manner."
CTRL-011,8.1,A.8.13 Information Backup; A.5.30 ICT Readiness for Business Continuity,A1.2; A1.3; CC5.2,RECOVER,"Ensure critical data is backed up, recoverable, and periodically tested to support business continuity and recovery objectives."
CTRL-012,10.1; 10.2,A.5.24 Information Security Incident Management Planning and Preparation; A.5.27 Learning from Information Security Incidents,CC7.4; CC7.5,RESPOND,"Ensure security incidents, audit findings, and control deficiencies are investigated, remediated, and tracked to closure."
CTRL-013,8.1; 6.1.3,A.5.19 Information Security in Supplier Relationships; A.5.20 Addressing Information Security Within Supplier Agreements; A.5.21 Managing Information Security in the ICT Supply Chain; A.5.22 Monitoring and Review of Supplier Services,CC9.2; CC9.3,GOVERN,"Ensure third parties are assessed, approved, and monitored according to their risk profile before and during engagement."
CTRL-014,8.1,A.5.34 Privacy and Protection of PII; A.5.33 Protection of Records,P2.1; P4.1; P5.1; P6.1,PROTECT,"Ensure personal information is retained, processed, disclosed, and deleted in accordance with legal, contractual, and regulatory obligations."
CTRL-015,7.2; 7.3,"A.6.3 Information Security Awareness, Education and Training",CC2.2; CC2.3,GOVERN,Ensure personnel receive security awareness training sufficient to understand and fulfill their information security responsibilities.
CTRL-016,9.1; 9.2,A.5.35 Independent Review of Information Security; A.5.36 Compliance with Policies and Standards for Information Security,CC4.1; CC4.2,GOVERN,Ensure control evidence is maintained and controls are periodically tested to evaluate effectiveness and support audit readiness.
CTRL-017,8.1; 6.1,A.5.29 Information Security During Disruption; A.5.30 ICT Readiness for Business Continuity,A1.1; A1.2; A1.3,RECOVER,"Ensure business continuity and resilience plans are maintained, tested, and capable of supporting recovery of critical services."
CTRL-018,7.4; 9.1,A.5.1 Policies for Information Security; A.5.35 Independent Review of Information Security,CC2.1; CC2.2,GOVERN,"Ensure customer-facing security, compliance, and privacy information remains accurate, current, and available for stakeholder review."
CTRL-019,5.2; 9.3,A.8.24 Use of Cryptography,CC6.1; CC6.7,PROTECT,"Ensure cryptography and key management practices are implemented, monitored, and evidenced."
CTRL-020,8.1,A.8.20 Networks Security; A.8.22 Segregation of Networks,CC6.6; CC6.7,PROTECT,"Ensure network security and segmentation practices are implemented, monitored, and evidenced."
CTRL-021,8.1; 8.25,A.8.25 Secure Development Life Cycle; A.8.28 Secure Coding,CC8.1,PROTECT,"Ensure secure software development lifecycle practices are implemented, monitored, and evidenced."
CTRL-022,8.1,A.8.1 User Endpoint Devices,CC6.6,PROTECT,"Ensure endpoint and mobile device management practices are implemented, monitored, and evidenced."
CTRL-023,7.1; 7.2,A.7.1 Physical Security Perimeter; A.7.2 Physical Entry,CC6.4,PROTECT,"Ensure physical and data center security practices are implemented, monitored, and evidenced."
CTRL-024,8.1,A.8.26 Application Security Requirements,CC6.1; CC6.6,PROTECT,"Ensure api security and rate limiting practices are implemented, monitored, and evidenced."
CTRL-025,8.1; 5.2,A.5.23 Information Security for Use of Cloud Services,CC1.4; CC6.1,GOVERN,"Ensure cloud shared responsibility management practices are implemented, monitored, and evidenced."
CTRL-026,5.12; 8.1,A.5.12 Classification of Information; A.8.11 Data Masking,CC6.7,PROTECT,"Ensure data classification and loss prevention practices are implemented, monitored, and evidenced."
CTRL-027,8.1,A.8.16 Monitoring Activities,CC7.2,DETECT,"Ensure fraud monitoring and transaction controls practices are implemented, monitored, and evidenced."
CTRL-028,8.1; 5.34,A.5.34 Privacy and Protection of PII,P1.1; P2.1,PROTECT,"Ensure aml and kyc data handling practices are implemented, monitored, and evidenced."
CTRL-029,8.1,A.8.16 Monitoring Activities,CC7.2,DETECT,"Ensure insider threat monitoring practices are implemented, monitored, and evidenced."
CTRL-030,8.6,A.8.6 Capacity Management,A1.1,PROTECT,"Ensure capacity and availability management practices are implemented, monitored, and evidenced."
CTRL-031,8.1,A.8.20 Networks Security,CC6.6,PROTECT,"Ensure secure remote access practices are implemented, monitored, and evidenced."
CTRL-032,8.1,A.8.12 Data Leakage Prevention,CC6.7,PROTECT,"Ensure data loss prevention for email and endpoints practices are implemented, monitored, and evidenced."
CTRL-033,8.29,A.8.29 Security Testing in Development and Acceptance,CC4.1,IDENTIFY,"Ensure penetration testing and red team exercises practices are implemented, monitored, and evidenced."
CTRL-034,8.1,A.8.24 Use of Cryptography,CC6.1,PROTECT,"Ensure secrets and credential management practices are implemented, monitored, and evidenced."
CTRL-035,8.1,A.8.9 Configuration Management,CC7.1,PROTECT,"Ensure container and orchestration security practices are implemented, monitored, and evidenced."
CTRL-036,8.1,A.8.28 Secure Coding,CC7.1,IDENTIFY,"Ensure third-party software bill of materials management practices are implemented, monitored, and evidenced."
CTRL-037,5.34,A.5.34 Privacy and Protection of PII,P6.1,GOVERN,"Ensure data residency and cross-border transfer controls practices are implemented, monitored, and evidenced."
CTRL-038,8.29,A.8.29 Security Testing in Development and Acceptance,CC8.1,PROTECT,"Ensure mobile application security practices are implemented, monitored, and evidenced."
CTRL-039,8.1,A.8.23 Web Filtering,CC6.6,PROTECT,"Ensure email authentication and anti-phishing controls practices are implemented, monitored, and evidenced."
CTRL-040,5.30; 8.1,A.5.30 ICT Readiness for Business Continuity,A1.2; A1.3,RECOVER,"Ensure disaster recovery planning practices are implemented, monitored, and evidenced."
CTRL-041,5.3,A.5.3 Segregation of Duties,CC5.1,GOVERN,"Ensure segregation of duties practices are implemented, monitored, and evidenced."
CTRL-042,8.8,A.8.8 Management of Technical Vulnerabilities,CC7.1,DETECT,"Ensure vulnerability disclosure and bug bounty program practices are implemented, monitored, and evidenced."
CTRL-043,5.19,A.5.19 Information Security in Supplier Relationships,CC9.2,GOVERN,"Ensure open banking and api partner governance practices are implemented, monitored, and evidenced."
CTRL-044,8.10,A.8.10 Information Deletion,P4.1; P4.2,PROTECT,"Ensure data retention and secure disposal practices are implemented, monitored, and evidenced."
CTRL-045,5.1,A.5.1 Policies for Information Security,CC1.1,GOVERN,"Ensure security governance and steering committee practices are implemented, monitored, and evidenced."
CTRL-046,8.1,A.8.16 Monitoring Activities,CC3.2,IDENTIFY,"Ensure model risk management for fraud and credit models practices are implemented, monitored, and evidenced."
CTRL-047,6.1,A.6.1 Screening,CC6.2,PROTECT,"Ensure contractor and third-party personnel access practices are implemented, monitored, and evidenced."
CTRL-048,9.1,A.5.35 Independent Review of Information Security,CC4.1,GOVERN,"Ensure security metrics and kpi reporting practices are implemented, monitored, and evidenced."
CTRL-049,8.1,A.8.5 Secure Authentication,CC6.1,PROTECT,"Ensure customer authentication and fraud controls for digital channels practices are implemented, monitored, and evidenced."
CTRL-050,8.1,A.8.13 Information Backup,A1.2,RECOVER,"Ensure data backup encryption and integrity verification practices are implemented, monitored, and evidenced."
CTRL-051,5.31,"A.5.31 Legal, Statutory, Regulatory and Contractual Requirements",CC1.3,GOVERN,"Ensure regulatory change management practices are implemented, monitored, and evidenced."
CTRL-052,6.5,A.6.5 Responsibilities After Termination,CC6.2,PROTECT,"Ensure employee offboarding and access revocation practices are implemented, monitored, and evidenced."
CTRL-053,5.7,A.5.7 Threat Intelligence,CC7.2,DETECT,"Ensure threat intelligence integration practices are implemented, monitored, and evidenced."
CTRL-054,5.34,A.5.34 Privacy and Protection of PII,P3.1; P3.2,PROTECT,"Ensure data subject rights fulfillment controls practices are implemented, monitored, and evidenced."
CTRL-055,5.9,A.5.9 Inventory of Information and Other Associated Assets,CC6.1,IDENTIFY,"Ensure cloud cost and resource governance practices are implemented, monitored, and evidenced."
CTRL-056,5.24; 5.26,A.5.26 Response to Information Security Incidents,CC7.4,RESPOND,"Ensure customer notification and breach communication practices are implemented, monitored, and evidenced."
CTRL-057,8.24,A.8.24 Use of Cryptography,CC6.7,PROTECT,"Ensure encryption in transit enforcement practices are implemented, monitored, and evidenced."
CTRL-058,5.1; 7.2,"A.6.3 Information Security Awareness, Education and Training",CC1.1,GOVERN,"Ensure security awareness for executives and board reporting practices are implemented, monitored, and evidenced."
CTRL-059,5.34,A.5.34 Privacy and Protection of PII,P1.1,GOVERN,"Ensure data minimization in product design practices are implemented, monitored, and evidenced."
CTRL-060,5.24,A.5.24 Information Security Incident Management Planning and Preparation,CC7.3,RESPOND,"Ensure incident response tabletop exercises practices are implemented, monitored, and evidenced."
CTRL-061,8.9,A.8.9 Configuration Management,CC6.6,PROTECT,"Ensure saas application security posture management practices are implemented, monitored, and evidenced."
CTRL-062,8.24,A.8.24 Use of Cryptography,CC6.1,PROTECT,"Ensure data encryption key access restriction practices are implemented, monitored, and evidenced."
CTRL-063,5.20,A.5.20 Addressing Information Security Within Supplier Agreements,CC9.2,GOVERN,"Ensure vendor offboarding and data return/destruction practices are implemented, monitored, and evidenced."
CTRL-064,8.15,A.8.15 Logging,CC7.2,DETECT,"Ensure application logging standards compliance practices are implemented, monitored, and evidenced."
CTRL-065,8.15,A.8.15 Logging,CC7.2,DETECT,"Ensure privileged session recording practices are implemented, monitored, and evidenced."
CTRL-066,8.11,A.8.11 Data Masking,P8.1,PROTECT,"Ensure data anonymization and pseudonymization for analytics practices are implemented, monitored, and evidenced."
